{"cameraMode":{"drawMode":0,"name":"Shaded","section":"Shading Mode"},"sceneLighting":true,"audioPlay":false,"sceneViewState":{"showFog":true,"showMaterialUpdate":false,"showSkybox":true,"showFlares":true,"showImageEffects":true,"showParticleSystems":true},"in2DMode":false,"pivot":{"x":4.326473236083984,"y":-17.289745330810548,"z":104.8849105834961},"rotation":{"x":-0.1044146716594696,"y":-0.11673622578382492,"z":0.012343762442469597,"w":-0.9875818490982056},"size":147.91905212402345,"orthographic":false}