{"cameraMode":{"drawMode":0,"name":"Shaded","section":"Shading Mode"},"sceneLighting":true,"audioPlay":false,"sceneViewState":{"showFog":true,"showMaterialUpdate":false,"showSkybox":true,"showFlares":true,"showImageEffects":true,"showParticleSystems":true},"in2DMode":false,"pivot":{"x":3.0841240882873537,"y":-8.025382995605469,"z":-53.76767349243164},"rotation":{"x":-0.008278601802885533,"y":-0.9861994981765747,"z":0.15696212649345399,"w":-0.05200907588005066},"size":44.85294723510742,"orthographic":false}