{"cameraMode":{"drawMode":0,"name":"Shaded","section":"Shading Mode"},"sceneLighting":true,"audioPlay":false,"sceneViewState":{"showFog":true,"showMaterialUpdate":false,"showSkybox":true,"showFlares":true,"showImageEffects":true,"showParticleSystems":true},"in2DMode":false,"pivot":{"x":0.8050743341445923,"y":-2.4338128566741945,"z":-33.56637191772461},"rotation":{"x":-0.005164661444723606,"y":-0.9885439276695252,"z":0.14678078889846803,"w":-0.03478105738759041},"size":19.637863159179689,"orthographic":false}