{"cameraMode":{"drawMode":0,"name":"Shaded","section":"Shading Mode"},"sceneLighting":false,"audioPlay":false,"sceneViewState":{"showFog":true,"showMaterialUpdate":false,"showSkybox":false,"showFlares":true,"showImageEffects":true,"showParticleSystems":true},"in2DMode":false,"pivot":{"x":-0.7627784013748169,"y":-0.1479080319404602,"z":2.008942127227783},"rotation":{"x":0.036305032670497897,"y":-0.0083692017942667,"z":0.0003045464400202036,"w":0.9993056654930115},"size":3.7557568550109865,"orthographic":false}