{"cameraMode":{"drawMode":0,"name":"Shaded","section":"Shading Mode"},"sceneLighting":true,"audioPlay":false,"sceneViewState":{"showFog":true,"showMaterialUpdate":false,"showSkybox":true,"showFlares":true,"showImageEffects":true,"showParticleSystems":true},"in2DMode":false,"pivot":{"x":16.053611755371095,"y":-12.237701416015625,"z":-45.21989822387695},"rotation":{"x":-0.062495894730091098,"y":-0.9373233914375305,"z":0.2326994240283966,"w":-0.2517341375350952},"size":44.85294723510742,"orthographic":false}