{"cameraMode":{"drawMode":0,"name":"Shaded","section":"Shading Mode"},"sceneLighting":true,"audioPlay":false,"sceneViewState":{"showFog":true,"showMaterialUpdate":false,"showSkybox":true,"showFlares":true,"showImageEffects":true,"showParticleSystems":true},"in2DMode":false,"pivot":{"x":24.325096130371095,"y":-10.814111709594727,"z":-61.11276626586914},"rotation":{"x":0.031734369695186618,"y":0.9600683450698853,"z":-0.12196896970272064,"w":0.24977049231529237},"size":55.1074333190918,"orthographic":false}