{"cameraMode":{"drawMode":0,"name":"Shaded","section":"Shading Mode"},"sceneLighting":true,"audioPlay":false,"sceneViewState":{"showFog":true,"showMaterialUpdate":true,"showSkybox":true,"showFlares":true,"showImageEffects":true,"showParticleSystems":true},"in2DMode":false,"pivot":{"x":16.125417709350587,"y":1.054884910583496,"z":-24.645095825195314},"rotation":{"x":-0.08138789236545563,"y":-0.8459053635597229,"z":0.13513188064098359,"w":-0.5094698667526245},"size":26.442750930786134,"orthographic":false}