{"cameraMode":{"drawMode":0,"name":"Shaded","section":"Shading Mode"},"sceneLighting":false,"audioPlay":false,"sceneViewState":{"showFog":true,"showMaterialUpdate":true,"showSkybox":false,"showFlares":true,"showImageEffects":true,"showParticleSystems":true},"in2DMode":false,"pivot":{"x":3.378833770751953,"y":-4.237667083740234,"z":-4.449263572692871},"rotation":{"x":-0.007116320077329874,"y":-0.978943943977356,"z":0.2010384052991867,"w":-0.03466680273413658},"size":0.470593124628067,"orthographic":false}