{"cameraMode":{"drawMode":0,"name":"Shaded","section":"Shading Mode"},"sceneLighting":false,"audioPlay":false,"sceneViewState":{"showFog":true,"showMaterialUpdate":true,"showSkybox":false,"showFlares":true,"showImageEffects":true,"showParticleSystems":true},"in2DMode":false,"pivot":{"x":5.812175273895264,"y":9.236980438232422,"z":11.807190895080567},"rotation":{"x":-0.12892627716064454,"y":0.8618189096450806,"z":-0.27229195833206179,"w":-0.4080480933189392},"size":18.151229858398439,"orthographic":false}