{"cameraMode":{"drawMode":0,"name":"Shaded","section":"Shading Mode"},"sceneLighting":true,"audioPlay":false,"sceneViewState":{"showFog":true,"showMaterialUpdate":true,"showSkybox":true,"showFlares":true,"showImageEffects":true,"showParticleSystems":true},"in2DMode":false,"pivot":{"x":-2.324350357055664,"y":-2.8318138122558595,"z":-0.26319313049316409},"rotation":{"x":-0.010806916281580925,"y":0.9835951924324036,"z":-0.16870450973510743,"w":-0.06294861435890198},"size":21.010000228881837,"orthographic":false}