{"cameraMode":{"drawMode":0,"name":"Shaded","section":"Shading Mode"},"sceneLighting":true,"audioPlay":false,"sceneViewState":{"showFog":true,"showMaterialUpdate":true,"showSkybox":true,"showFlares":true,"showImageEffects":true,"showParticleSystems":true},"in2DMode":false,"pivot":{"x":0.17873449623584748,"y":-1.6682021617889405,"z":10.890152931213379},"rotation":{"x":-0.00037168918061070144,"y":0.951712965965271,"z":-0.30698707699775698,"w":-0.001143318717367947},"size":8.924479484558106,"orthographic":false}