{"cameraMode":{"drawMode":0,"name":"Shaded","section":"Shading Mode"},"sceneLighting":true,"audioPlay":false,"sceneViewState":{"showFog":true,"showMaterialUpdate":true,"showSkybox":true,"showFlares":true,"showImageEffects":true,"showParticleSystems":true},"in2DMode":false,"pivot":{"x":-0.5572710037231445,"y":-1.6670360565185547,"z":-0.9585367441177368},"rotation":{"x":0.28887253999710085,"y":0.6936020851135254,"z":-0.3640204668045044,"w":0.5504161715507507},"size":11.82888412475586,"orthographic":false}