{"cameraMode":{"drawMode":0,"name":"Shaded","section":"Shading Mode"},"sceneLighting":true,"audioPlay":false,"sceneViewState":{"showFog":true,"showMaterialUpdate":true,"showSkybox":true,"showFlares":true,"showImageEffects":true,"showParticleSystems":true},"in2DMode":false,"pivot":{"x":-0.7487938404083252,"y":-1.6413116455078126,"z":11.464385986328125},"rotation":{"x":-0.014386720955371857,"y":0.9330018758773804,"z":-0.3576204776763916,"w":-0.03752538189291954},"size":8.924479484558106,"orthographic":false}