{"cameraMode":{"drawMode":0,"name":"Shaded","section":"Shading Mode"},"sceneLighting":true,"audioPlay":false,"sceneViewState":{"showFog":true,"showMaterialUpdate":true,"showSkybox":true,"showFlares":true,"showImageEffects":true,"showParticleSystems":true},"in2DMode":false,"pivot":{"x":12.34903335571289,"y":2.829414129257202,"z":2.1253414154052736},"rotation":{"x":-0.01034307386726141,"y":0.8991497755050659,"z":0.021260257810354234,"w":0.4370020627975464},"size":21.010000228881837,"orthographic":false}