{"cameraMode":{"drawMode":0,"name":"Shaded","section":"Shading Mode"},"sceneLighting":true,"audioPlay":false,"sceneViewState":{"showFog":true,"showMaterialUpdate":true,"showSkybox":true,"showFlares":true,"showImageEffects":true,"showParticleSystems":true},"in2DMode":false,"pivot":{"x":-3.799234390258789,"y":7.179778575897217,"z":20.241254806518556},"rotation":{"x":-0.1029582992196083,"y":-0.8736163973808289,"z":0.2110450267791748,"w":-0.42620888352394106},"size":11.78126049041748,"orthographic":false}