{"cameraMode":{"drawMode":0,"name":"Shaded","section":"Shading Mode"},"sceneLighting":true,"audioPlay":false,"sceneViewState":{"showFog":true,"showMaterialUpdate":true,"showSkybox":true,"showFlares":true,"showImageEffects":true,"showParticleSystems":true},"in2DMode":false,"pivot":{"x":-3.227266311645508,"y":4.306654930114746,"z":-14.090240478515625},"rotation":{"x":-0.061344705522060397,"y":0.7700343132019043,"z":-0.07490254193544388,"w":-0.6306137442588806},"size":9.573280334472657,"orthographic":false}