{"cameraMode":{"drawMode":0,"name":"Shaded","section":"Shading Mode"},"sceneLighting":true,"audioPlay":false,"sceneViewState":{"showFog":true,"showMaterialUpdate":true,"showSkybox":true,"showFlares":true,"showImageEffects":true,"showParticleSystems":true},"in2DMode":false,"pivot":{"x":-4.925326347351074,"y":2.744384765625,"z":15.065348625183106},"rotation":{"x":-0.28382042050361636,"y":-0.6270667314529419,"z":0.2633005678653717,"w":-0.6759482622146606},"size":11.78126049041748,"orthographic":false}