{"cameraMode":{"drawMode":0,"name":"Shaded","section":"Shading Mode"},"sceneLighting":true,"audioPlay":false,"sceneViewState":{"showFog":true,"showMaterialUpdate":true,"showSkybox":true,"showFlares":true,"showImageEffects":true,"showParticleSystems":true},"in2DMode":false,"pivot":{"x":0.6886928081512451,"y":3.7358672618865969,"z":3.7187671661376955},"rotation":{"x":-0.06386414170265198,"y":-0.9156427383422852,"z":0.1612619310617447,"w":-0.36264917254447939},"size":74.22173309326172,"orthographic":false}