{"cameraMode":{"drawMode":0,"name":"Shaded","section":"Shading Mode"},"sceneLighting":true,"audioPlay":false,"sceneViewState":{"showFog":true,"showMaterialUpdate":true,"showSkybox":true,"showFlares":true,"showImageEffects":true,"showParticleSystems":true},"in2DMode":false,"pivot":{"x":-0.1847301870584488,"y":-1.7364273071289063,"z":11.19119644165039},"rotation":{"x":-0.0004102175298612565,"y":0.9405562281608582,"z":-0.3396359086036682,"w":-0.0011275317519903184},"size":8.924479484558106,"orthographic":false}