{"cameraMode":{"drawMode":0,"name":"Shaded","section":"Shading Mode"},"sceneLighting":false,"audioPlay":false,"sceneViewState":{"showFog":true,"showMaterialUpdate":true,"showSkybox":false,"showFlares":true,"showImageEffects":true,"showParticleSystems":true},"in2DMode":false,"pivot":{"x":0.023693561553955079,"y":-3.3234806060791017,"z":1.9952831268310547},"rotation":{"x":-0.016371525824069978,"y":0.9295684099197388,"z":-0.36593097448349,"w":-0.04158077761530876},"size":19.527324676513673,"orthographic":false}