{"cameraMode":{"drawMode":0,"name":"Shaded","section":"Shading Mode"},"sceneLighting":true,"audioPlay":false,"sceneViewState":{"showFog":true,"showMaterialUpdate":false,"showSkybox":true,"showFlares":true,"showImageEffects":true,"showParticleSystems":true},"in2DMode":false,"pivot":{"x":-6.874845027923584,"y":2.163828134536743,"z":8.258723258972168},"rotation":{"x":0.01502213068306446,"y":-0.9634454250335693,"z":0.05529601871967316,"w":0.2617051601409912},"size":13.581060409545899,"orthographic":false}